INSERT INTO usuario ("id", "dni", "nombres", "apellidos", "email", "password", "recovery_token") VALUES ('09e99292-80f9-42f7-9296-ff7c94b6413b', '75995759', 'Sebastian', 'Cuya', 'sebastiancuya@gmail.com', 'pbkdf2_sha256$870000$2SauItQm1fws6HXXyYDiUE$ULTIuTJroqPIU6xCzEp8YJWJViej+YLoMLZ0DXVRK5k=', null), ('5a3b65b5-cd71-4ab2-a3c3-47b91c6f300a', '75995741', 'Franco', 'Cuya', 'francocuya13@gmail.com', '$2a$10$BTZANV9azNpvUhNAaxMb6emsQlsWMKLDHNOFo//.V2Li.VfzuJ0DO', null), ('670ebcaa-ce0d-428f-9777-e00cd8523d95', '12312312', 'con', 'saldo', 'prueba2@aa.com', 'pbkdf2_sha256$870000$YyakFwS7xEHglYklVc9YMU$lG/RGm5OwHiXrbX+KPsIUaQoxbDfGGgKNkbXkQpXpOA=', null), ('6a1cb1a9-3d11-44a9-9aeb-4fcabb7cd183', '98989898', 'Xd', 'xd', '123@ald.com', 'pbkdf2_sha256$870000$3SYechiHhmiDdQM0Muj6wb$HW6kQ0Ga8qHYPqmWXneEd0KJ5yaI2ifn3/gsVYrG4XM=', null), ('6df9c874-8c72-46b7-afcd-bbd4d483f61a', '87654321', 'Frank', 'Yuca', '30210773@aloe.ulima.edu.pe', 'pbkdf2_sha256$870000$AvOo4qFTY3cIaW24bCpUpw$G84NgZtMLoKc1W0u2gKUKsxNr/NK5cVq13N1qV9UvqA=', null), ('6ef5ebd7-2c05-45cd-8d85-b21700e7bc98', '12121212', 'avx', 'ahdjd', 'aa@aaa.com', 'pbkdf2_sha256$870000$JZ9lCkCPXyxp7pYwPey1GA$eUg609FtKRb3C1LBW6sO3COBmxfPgEY4+7lFrrfHuik=', null), ('7c2916cb-7779-4dcc-8177-23031b7ecbe2', '55555555', 'Prueba', 'Software', 'aaaaa@aaa.com', 'pbkdf2_sha256$870000$HBDTWoeFQuP8NA5WXIEJwu$TPozTMTzuMAIcU2A1wAdW2YaS6hYlNeICgxD6TGP8tU=', null), ('a6f781a6-5d48-449b-81a5-5ac6e61f1a61', '76772572', 'Bryan', 'Ugas', 'bryanugasl@hotmail.com', 'pbkdf2_sha256$870000$tN9jtkyWVeUWWzuiC37jsc$577YmsAJa0K6Y8/IwHbBexSxmpt5svScRrTh1g1XzeM=', 'wOwAfiOr0SJXghfp9HQC1WfKll5WMyCe'), ('b0211630-5703-4459-be78-89cce2b360a1', '12345678', 'Francisco', 'Yuca', '20210773@aloe.ulima.edu.pe', 'pbkdf2_sha256$870000$eo78BpLvZXgTUqv96vVnWq$Z5NAeXfyxgWJ7OnhTVqyZKSOVLR9fAWcgQs1Vdvo08E=', null), ('f2d85c31-141c-49c8-9914-bc1a998a0bf8', '25667267', 'test', 'review', 'testreview@gmail.com', 'pbkdf2_sha256$870000$CN6Dun0An9z4MA65lqVOlx$t9Y8rAjn3e6kTID46ALbHKXSq+swj0sGFXO2XJGip98=', null);
INSERT INTO paradero ("id", "nombre", "latitud", "longitud") VALUES ('1', 'Ceres', '-12.032946', '-76.926436'), ('10', 'La Molina', '-12.070962', '-76.955719'), ('100', 'Manuel Segura', '-12.079308', '-77.035336'), ('101', 'Risso', '-12.085520', '-77.034442'), ('102', 'Soledad', '-12.090428', '-77.033699'), ('103', 'Manuel Bañón', '-12.094269', '-77.033162'), ('104', 'Raymundo Morales', '-12.102684', '-77.031839'), ('105', 'Angamos', '-12.113421', '-77.030058'), ('106', 'Dos de Mayo', '-12.117859', '-77.029283'), ('107', 'Angamos', '-12.114009', '-77.029712'), ('108', 'Aramburú', '-12.103651', '-77.031448'), ('109', 'Olavide', '-12.093838', '-77.032966'), ('11', 'Camacho', '-12.080738', '-76.966958'), ('110', 'D. Casanova', '-12.089920', '-77.033613'), ('111', 'B. Alcedo', '-12.084895', '-77.034224'), ('112', 'M. Segura', '-12.080016', '-77.034975'), ('113', 'E. Fernández', '-12.073661', '-77.035990'), ('114', 'Saco Oliveros', '-12.068662', '-77.036690'), ('115', 'España', '-12.058401', '-77.037914'), ('116', 'Bolivia', '-12.056161', '-77.038118'), ('117', 'Uruguay', '-12.054456', '-77.038241'), ('118', 'Moquegua', '-12.047692', '-77.038267'), ('119', 'Ica', '-12.044920', '-77.036298'), ('12', 'Clínica', '-12.082312', '-76.968746'), ('120', 'Pizarro', '-12.039169', '-77.032398'), ('121', 'Moquegua (Final)', '-12.029218', '-77.015410'), ('123', 'Montenegro', '-11.936554', '-76.971396'), ('124', 'Motupe', '-11.938675', '-76.976672'), ('125', '8 (Mariscal Cáceres)', '-11.940874', '-76.980494'), ('126', 'Mariátegui', '-11.943107', '-76.982025'), ('127', 'La Cinco', '-11.947314', '-76.984920'), ('128', 'La Cuatro', '-11.950535', '-76.987124'), ('129', 'Bayóvar', '-11.959325', '-76.987378'), ('13', 'La Floresta', '-12.083600', '-76.972659'), ('130', 'La Quince', '-11.962628', '-76.989638'), ('131', 'Santa Rosa', '-11.967997', '-76.993580'), ('132', 'San Martín', '-11.971824', '-76.996383'), ('133', 'La Ocho', '-11.975610', '-77.001513'), ('134', 'Sedapal', '-11.979291', '-77.004765'), ('135', 'San Carlos', '-11.984547', '-77.006885'), ('136', 'Basadre', '-11.988999', '-77.010426'), ('137', 'Los Postes', '-11.996303', '-77.009969'), ('138', 'La Doce', '-12.003044', '-77.008142'), ('139', 'La Hacienda', '-12.005710', '-77.006358'), ('14', 'Evitamiento', '-12.084570', '-76.980236'), ('140', 'Celima', '-12.012985', '-77.002183'), ('141', 'Pirámide del Sol', '-12.018081', '-77.002772'), ('142', 'Túpac Amaru', '-12.023081', '-77.007677'), ('143', 'Las Flores', '-12.025111', '-77.011801'), ('144', 'Comisaría', '-12.025744', '-77.015243'), ('145', 'Losa', '-12.026275', '-77.019795'), ('146', 'Túnel', '-12.027978', '-77.019548'), ('147', 'Alcázar', '-12.031691', '-77.027659'), ('148', 'Francisco Pizarro', '-12.038559', '-77.032278'), ('149', 'Ica', '-12.044092', '-77.036109'), ('15', 'Circunvalación', '-12.085122', '-76.985958'), ('150', 'Moquegua', '-12.047069', '-77.038133'), ('151', 'Nicolás de Piérola', '-12.048427', '-77.039040'), ('152', 'Moquegua', '-12.047707', '-77.038261'), ('153', 'Ica', '-12.044920', '-77.036302'), ('154', 'Francisco Pizarro', '-12.039163', '-77.032409'), ('155', 'Alcázar', '-12.032531', '-77.028077'), ('156', '15 (Caja de Agua)', '-12.029333', '-77.017796'), ('157', 'Moquegua', '-12.029166', '-77.015230'), ('158', 'Próceres', '-12.028585', '-77.012069'), ('159', 'Túpac Amaru', '-12.023602', '-77.007931'), ('16', 'J. Borja', '-12.085931', '-76.989223'), ('160', 'Pirámide del Sol', '-12.018285', '-77.002638'), ('161', 'Celima', '-12.013474', '-77.001772'), ('162', 'La Hacienda', '-12.006264', '-77.005684'), ('163', 'La Doce', '-12.003005', '-77.007697'), ('164', 'Los Postes', '-11.997550', '-77.009383'), ('165', 'Basadre', '-11.990215', '-77.010735'), ('166', 'San Carlos', '-11.985430', '-77.006778'), ('167', 'Sedapal', '-11.978303', '-77.003964'), ('168', 'La Ocho', '-11.976091', '-77.001848'), ('169', 'San Martín', '-11.972483', '-76.996805'), ('17', 'Rosa Toro', '-12.086317', '-76.992524'), ('170', 'Santa Rosa', '-11.969062', '-76.994038'), ('171', 'La Quince', '-11.963144', '-76.989707'), ('172', 'Bayóvar', '-11.959843', '-76.987402'), ('173', 'La Cuatro', '-11.951066', '-76.987128'), ('174', 'La Cinco', '-11.947939', '-76.985101'), ('175', 'Mariátegui', '-11.943740', '-76.982107'), ('176', '8 (Mariscal Cáceres)', '-11.941305', '-76.980455'), ('177', 'Motupe', '-11.939143', '-76.977195'), ('178', 'Montenegro', '-11.937002', '-76.971369'), ('179', 'La Capilla', '-11.934680', '-76.969712'), ('18', 'San Luis', '-12.086465', '-76.996359'), ('180', 'Terminal Naranjal', '-11.982100', '-77.059123'), ('181', 'Izaguirre', '-11.989231', '-77.057033'), ('182', 'Tomás Valle', '-12.006642', '-77.053917'), ('183', 'UNI', '-12.024184', '-77.048880'), ('184', 'Caquetá', '-12.036357', '-77.043670'), ('185', 'España', '-12.057147', '-77.041808'), ('186', 'Estación Central', '-12.058568', '-77.036145'), ('187', 'Canadá', '-12.082577', '-77.026620'), ('188', 'Javier Prado', '-12.090022', '-77.023193'), ('189', 'Canaval y Moreyra', '-12.096277', '-77.024851'), ('19', 'Aviación', '-12.087485', '-77.002081'), ('190', 'Angamos', '-12.113004', '-77.025988'), ('191', 'Ricardo Palma', '-12.119046', '-77.025911'), ('192', 'Plaza de Flores', '-12.135612', '-77.018767'), ('193', 'Plaza de Flores', '-12.135594', '-77.018722'), ('194', 'Ricardo Palma', '-12.118769', '-77.025938'), ('195', 'Angamos', '-12.113026', '-77.026002'), ('196', 'Canaval y Moreyra', '-12.096297', '-77.024823'), ('197', 'Javier Prado', '-12.089297', '-77.023535'), ('198', 'Canadá', '-12.082561', '-77.026594'), ('199', 'Estación Central', '-12.057428', '-77.035906'), ('2', 'Berlín', '-12.038137', '-76.924517'), ('20', 'Guardia Civil', '-12.088435', '-77.007260'), ('200', 'España', '-12.057149', '-77.041789'), ('201', 'Caquetá', '-12.036369', '-77.043652'), ('202', 'UNI', '-12.024205', '-77.048869'), ('203', 'Tomás Valle', '-12.006631', '-77.053932'), ('204', 'Izaguirre', '-11.989555', '-77.057003'), ('205', 'Terminal Naranjal', '-11.982244', '-77.058849'), ('21', 'Quiñones', '-12.089577', '-77.015854'), ('22', 'Masías', '-12.091105', '-77.025635'), ('23', 'Orquídeas', '-12.091446', '-77.028019'), ('24', 'Petit Thouars', '-12.091977', '-77.031971'), ('25', 'Arenales', '-12.092333', '-77.034663'), ('26', 'Las Palmeras', '-12.092868', '-77.038361'), ('27', 'Los Nogales', '-12.093743', '-77.044894'), ('28', 'Pershing', '-12.094459', '-77.049243'), ('29', 'Salaverry', '-12.093052', '-77.053003'), ('3', 'Holanda', '-12.042207', '-76.925746'), ('30', 'Gregorio Escobedo', '-12.090302', '-77.057171'), ('31', 'Hospital Militar', '-12.087920', '-77.060742'), ('32', 'Sucre', '-12.083116', '-77.066893'), ('33', 'Bartolomé Herrera', '-12.080788', '-77.073112'), ('34', 'Universitaria', '-12.078192', '-77.080884'), ('35', 'P. de las Leyendas', '-12.077940', '-77.088301'), ('36', 'Rafael Escardo', '-12.077376', '-77.093054'), ('37', 'Faucett', '-12.074545', '-77.099043'), ('38', 'José Marti', '-12.072900', '-77.102434'), ('39', 'Los Insurgentes', '-12.072170', '-77.104283'), ('4', 'Vista Alegre', '-12.043245', '-76.930160'), ('40', 'Haya de la Torre', '-12.070264', '-77.109045'), ('41', 'Lopez Albujar', '-12.069160', '-77.111973'), ('42', 'Bomberos', '-12.068210', '-77.114059'), ('43', 'Óvalo la Perla', '-12.065754', '-77.118519'), ('44', 'Venezuela', '-12.065216', '-77.118210'), ('45', 'Calle 66', '-12.064645', '-77.115737'), ('46', 'Venezuela', '-12.065114', '-77.118041'), ('47', 'Óvalo la Perla', '-12.066187', '-77.118583'), ('48', 'Bomberos', '-12.068700', '-77.113637'), ('49', 'Haya de la Torre', '-12.070127', '-77.109925'), ('5', 'París', '-12.046703', '-76.936050'), ('50', 'Base Naval', '-12.071291', '-77.107033'), ('51', 'Los Insurgentes', '-12.071716', '-77.105832'), ('52', 'Canamelares', '-12.072960', '-77.102822'), ('53', 'Honda', '-12.074602', '-77.099625'), ('54', 'Rafael Escardo', '-12.077371', '-77.093842'), ('55', 'P. de las Leyendas', '-12.078184', '-77.089030'), ('56', 'Universitaria', '-12.078321', '-77.082064'), ('57', 'Bartolomé Herrera', '-12.080898', '-77.073631'), ('58', 'Sucre', '-12.083031', '-77.067697'), ('59', 'Hospital Militar', '-12.088400', '-77.060437'), ('6', 'Monumental', '-12.055410', '-76.938149'), ('60', 'Gregorio Escobedo', '-12.089875', '-77.058279'), ('61', 'Salaverry', '-12.092393', '-77.054325'), ('62', 'Javier Prado', '-12.094486', '-77.051326'), ('63', 'Las Flores', '-12.094281', '-77.047405'), ('64', 'Los Cedros', '-12.093904', '-77.044310'), ('65', 'Las Palmeras', '-12.093059', '-77.037931'), ('66', 'Basadre', '-12.092597', '-77.034715'), ('67', 'Parodi', '-12.091989', '-77.030730'), ('68', 'Orquídeas', '-12.091658', '-77.028359'), ('69', 'Masías', '-12.091377', '-77.026174'), ('7', 'Ovalo Huarochirí', '-12.063928', '-76.939600'), ('70', 'Nicolás Arriola', '-12.090223', '-77.017408'), ('71', 'Guardia Civil', '-12.088967', '-77.008016'), ('72', 'Aviación', '-12.088527', '-77.004629'), ('73', 'San Luis', '-12.087384', '-76.996823'), ('74', 'Rosa Toro', '-12.086811', '-76.992684'), ('75', 'Circunvalación', '-12.085373', '-76.985592'), ('76', 'Jockey', '-12.084723', '-76.978109'), ('77', 'U. de Lima', '-12.083810', '-76.971892'), ('78', 'Camacho', '-12.079796', '-76.965925'), ('79', 'Los Frutales', '-12.075232', '-76.963254'), ('8', 'Flora Tristán', '-12.066434', '-76.943908'), ('80', 'La Molina', '-12.071851', '-76.957070'), ('81', 'Ingenieros', '-12.069133', '-76.948766'), ('82', 'Flora Tristán', '-12.067064', '-76.944223'), ('83', 'Óvalo Huarochirí', '-12.063475', '-76.938440'), ('84', 'Monumental', '-12.056103', '-76.937811'), ('85', 'París', '-12.044814', '-76.934401'), ('86', 'Vista Alegre', '-12.043555', '-76.930796'), ('87', 'Holanda', '-12.042422', '-76.926140'), ('88', 'Berlín', '-12.038413', '-76.924155'), ('89', 'Ceres', '-12.033578', '-76.925907'), ('9', 'Ingenieros', '-12.068360', '-76.948284'), ('90', 'Las Flores', '-12.025079', '-77.011874'), ('91', 'Túnel', '-12.027964', '-77.019610'), ('92', 'Francisco Pizarro', '-12.038563', '-77.032281'), ('93', 'Huancavelica', '-12.045152', '-77.036785'), ('94', 'Nicolás de Piérola', '-12.048380', '-77.039037'), ('95', 'Villarán', '-12.053090', '-77.038614'), ('96', 'España', '-12.057370', '-77.038259'), ('97', 'Tarma', '-12.061026', '-77.037920'), ('98', 'Natalio Sánchez', '-12.070030', '-77.036760'), ('99', 'Alejandro Tirado', '-12.074334', '-77.036105');
INSERT INTO ruta ("id", "nombre", "servicio", "inicio", "final") VALUES ('1', '201', 'Corredor Rojo', 'Ate', 'Callao'), ('2', '303', 'Corredor Azul', 'SJL', 'Miraflores'), ('3', 'Expreso 5', 'Metropolitano', 'Terminal Naranjal', 'Plaza de Flores'), ('4', '412', 'Corredor Morado', 'SJL', 'Centro de Lima');
INSERT INTO paraderoruta ("id", "sentido_ida", "id_paradero_id", "id_ruta_id") VALUES ('1', 'false', '1', '1'), ('2', 'false', '2', '1'), ('3', 'false', '3', '1'), ('4', 'false', '4', '1'), ('5', 'false', '5', '1'), ('6', 'false', '6', '1'), ('7', 'false', '7', '1'), ('8', 'false', '8', '1'), ('9', 'false', '9', '1'), ('10', 'false', '10', '1'), ('11', 'false', '11', '1'), ('12', 'false', '12', '1'), ('13', 'false', '13', '1'), ('14', 'false', '14', '1'), ('15', 'false', '15', '1'), ('16', 'false', '16', '1'), ('17', 'false', '17', '1'), ('18', 'false', '18', '1'), ('19', 'false', '19', '1'), ('20', 'false', '20', '1'), ('21', 'false', '21', '1'), ('22', 'false', '22', '1'), ('23', 'false', '23', '1'), ('24', 'false', '24', '1'), ('25', 'false', '25', '1'), ('26', 'false', '26', '1'), ('27', 'false', '27', '1'), ('28', 'false', '28', '1'), ('29', 'false', '29', '1'), ('30', 'false', '30', '1'), ('31', 'false', '31', '1'), ('32', 'false', '32', '1'), ('33', 'false', '33', '1'), ('34', 'false', '34', '1'), ('35', 'false', '35', '1'), ('36', 'false', '36', '1'), ('37', 'false', '37', '1'), ('38', 'false', '38', '1'), ('39', 'false', '39', '1'), ('40', 'false', '40', '1'), ('41', 'false', '41', '1'), ('42', 'false', '42', '1'), ('43', 'false', '43', '1'), ('44', 'false', '44', '1'), ('45', 'true', '45', '1'), ('46', 'true', '46', '1'), ('47', 'true', '47', '1'), ('48', 'true', '48', '1'), ('49', 'true', '49', '1'), ('50', 'true', '50', '1'), ('51', 'true', '51', '1'), ('52', 'true', '52', '1'), ('53', 'true', '53', '1'), ('54', 'true', '54', '1'), ('55', 'true', '55', '1'), ('56', 'true', '56', '1'), ('57', 'true', '57', '1'), ('58', 'true', '58', '1'), ('59', 'true', '59', '1'), ('60', 'true', '60', '1'), ('61', 'true', '61', '1'), ('62', 'true', '62', '1'), ('63', 'true', '63', '1'), ('64', 'true', '64', '1'), ('65', 'true', '65', '1'), ('66', 'true', '66', '1'), ('67', 'true', '67', '1'), ('68', 'true', '68', '1'), ('69', 'true', '69', '1'), ('70', 'true', '70', '1'), ('71', 'true', '71', '1'), ('72', 'true', '72', '1'), ('73', 'true', '73', '1'), ('74', 'true', '74', '1'), ('75', 'true', '75', '1'), ('76', 'true', '76', '1'), ('77', 'true', '77', '1'), ('78', 'true', '78', '1'), ('79', 'true', '79', '1'), ('80', 'true', '80', '1'), ('81', 'true', '81', '1'), ('82', 'true', '82', '1'), ('83', 'true', '83', '1'), ('84', 'true', '84', '1'), ('85', 'true', '85', '1'), ('86', 'true', '86', '1'), ('87', 'true', '87', '1'), ('88', 'true', '88', '1'), ('89', 'true', '89', '1'), ('90', 'false', '90', '2'), ('91', 'false', '91', '2'), ('92', 'false', '92', '2'), ('93', 'false', '93', '2'), ('94', 'false', '94', '2'), ('95', 'false', '95', '2'), ('96', 'false', '96', '2'), ('97', 'false', '97', '2'), ('98', 'false', '98', '2'), ('99', 'false', '99', '2'), ('100', 'false', '100', '2'), ('101', 'false', '101', '2'), ('102', 'false', '102', '2'), ('103', 'false', '103', '2'), ('104', 'false', '104', '2'), ('105', 'false', '105', '2'), ('106', 'false', '106', '2'), ('107', 'true', '107', '2'), ('108', 'true', '108', '2'), ('109', 'true', '109', '2'), ('110', 'true', '110', '2'), ('111', 'true', '111', '2'), ('112', 'true', '112', '2'), ('113', 'true', '113', '2'), ('114', 'true', '114', '2'), ('115', 'true', '115', '2'), ('116', 'true', '116', '2'), ('117', 'true', '117', '2'), ('118', 'true', '118', '2'), ('119', 'true', '119', '2'), ('120', 'true', '120', '2'), ('121', 'true', '121', '2'), ('123', 'false', '123', '4'), ('124', 'false', '124', '4'), ('125', 'false', '125', '4'), ('126', 'false', '126', '4'), ('127', 'false', '127', '4'), ('128', 'false', '128', '4'), ('129', 'false', '129', '4'), ('130', 'false', '130', '4'), ('131', 'false', '131', '4'), ('132', 'false', '132', '4'), ('133', 'false', '133', '4'), ('134', 'false', '134', '4'), ('135', 'false', '135', '4'), ('136', 'false', '136', '4'), ('137', 'false', '137', '4'), ('138', 'false', '138', '4'), ('139', 'false', '139', '4'), ('140', 'false', '140', '4'), ('141', 'false', '141', '4'), ('142', 'false', '142', '4'), ('143', 'false', '143', '4'), ('144', 'false', '144', '4'), ('145', 'false', '145', '4'), ('146', 'false', '146', '4'), ('147', 'false', '147', '4'), ('148', 'false', '148', '4'), ('149', 'false', '149', '4'), ('150', 'false', '150', '4'), ('151', 'false', '151', '4'), ('152', 'true', '152', '4'), ('153', 'true', '153', '4'), ('154', 'true', '154', '4'), ('155', 'true', '155', '4'), ('156', 'true', '156', '4'), ('157', 'true', '157', '4'), ('158', 'true', '158', '4'), ('159', 'true', '159', '4'), ('160', 'true', '160', '4'), ('161', 'true', '161', '4'), ('162', 'true', '162', '4'), ('163', 'true', '163', '4'), ('164', 'true', '164', '4'), ('165', 'true', '165', '4'), ('166', 'true', '166', '4'), ('167', 'true', '167', '4'), ('168', 'true', '168', '4'), ('169', 'true', '169', '4'), ('170', 'true', '170', '4'), ('171', 'true', '171', '4'), ('172', 'true', '172', '4'), ('173', 'true', '173', '4'), ('174', 'true', '174', '4'), ('175', 'true', '175', '4'), ('176', 'true', '176', '4'), ('177', 'true', '177', '4'), ('178', 'true', '178', '4'), ('179', 'true', '179', '4'), ('180', 'true', '180', '3'), ('181', 'true', '181', '3'), ('182', 'true', '182', '3'), ('183', 'true', '183', '3'), ('184', 'true', '184', '3'), ('185', 'true', '185', '3'), ('186', 'true', '186', '3'), ('187', 'true', '187', '3'), ('188', 'true', '188', '3'), ('189', 'true', '189', '3'), ('190', 'true', '190', '3'), ('191', 'true', '191', '3'), ('192', 'true', '192', '3'), ('193', 'false', '193', '3'), ('194', 'false', '194', '3'), ('195', 'false', '195', '3'), ('196', 'false', '196', '3'), ('197', 'false', '197', '3'), ('198', 'false', '198', '3'), ('199', 'false', '199', '3'), ('200', 'false', '200', '3'), ('201', 'false', '201', '3'), ('202', 'false', '202', '3'), ('203', 'false', '203', '3'), ('204', 'false', '204', '3'), ('205', 'false', '205', '3');
INSERT INTO tarifa ("id", "precio_base", "id_ruta_id") VALUES ('1', '2.35', '1'), ('2', '2.35', '2'), ('3', '3.2', '3');
INSERT INTO tarjeta ("codigo", "saldo", "tipo", "limite", "fecha_vencimiento", "id_usuario_id") VALUES ('1212121212', '10', '0', '0', null, '09e99292-80f9-42f7-9296-ff7c94b6413b'), ('1231231234', '10', '0', '0', null, '670ebcaa-ce0d-428f-9777-e00cd8523d95'), ('1261639013', '0', '0', '0', null, '6ef5ebd7-2c05-45cd-8d85-b21700e7bc98'), ('1617756763', '27.65', '1', '35', '2025-12-02', '5a3b65b5-cd71-4ab2-a3c3-47b91c6f300a'), ('2493960322', '10', '0', '0', null, '6df9c874-8c72-46b7-afcd-bbd4d483f61a'), ('2518860804', '10', '0', '0', null, 'f2d85c31-141c-49c8-9914-bc1a998a0bf8'), ('4272883948', '0', '0', '0', null, 'b0211630-5703-4459-be78-89cce2b360a1'), ('5513218916', '0', '0', '0', null, '7c2916cb-7779-4dcc-8177-23031b7ecbe2'), ('8136811664', '127', '0', '0', null, 'a6f781a6-5d48-449b-81a5-5ac6e61f1a61'), ('8888888888', '10', '1', '0', '2025-12-02', '6a1cb1a9-3d11-44a9-9aeb-4fcabb7cd183');
INSERT INTO recarga ("id", "fecha_hora", "monto_recargado", "medio_pago", "codigo_tarjeta_id") VALUES ('01f579a9-33ee-4240-8090-80a0b7ba2df9', '2024-11-11 00:09:32.95675+00', '1.00', 'yape', '8136811664'), ('09ebd6ae-b81a-4445-ab8e-dcde6049e353', '2024-11-11 00:23:25.731055+00', '20.00', 'yape', '8136811664'), ('0b1fb751-bbb0-46f5-86da-838ea17b206c', '2024-11-11 00:24:36.837661+00', '25.00', 'yape', '1617756763'), ('0d6d171d-78fd-4cd5-b152-bc0bda9b4fa4', '2024-11-11 00:03:44.158243+00', '1.00', 'tarjeta', '8136811664'), ('187c7436-43dd-4ada-bc19-4815a646bde7', '2024-11-11 00:25:00.129192+00', '1.00', 'tarjeta', '8136811664'), ('1a50fc4d-7a71-48db-8d0f-5ecadc18d165', '2024-11-11 00:09:28.77294+00', '1.00', 'yape', '8136811664'), ('3a5ce422-8424-4280-acd2-47458a630175', '2024-11-10 23:46:08.153776+00', '12.00', 'tarjeta', '8136811664'), ('4060017c-43e0-409c-bcc9-0ef86a85f1a6', '2024-11-10 23:53:22.690868+00', '12.00', 'tarjeta', '8136811664'), ('464241ea-56a3-4dff-bc52-4bdd39e7e398', '2024-11-11 00:26:28.025147+00', '10.00', 'yape', '1617756763'), ('4949e435-19a2-498a-af80-9f568617129d', '2024-11-11 00:27:24.15094+00', '9.00', 'tarjeta', '8136811664'), ('5a9e3b36-93c8-48e4-9dd2-3e05dc95d5d7', '2024-11-11 00:39:03.182758+00', '5.00', 'tarjeta', '1617756763'), ('5acb0a73-80ef-4c7c-a21a-c88f82b53b4c', '2024-11-11 00:39:41.747464+00', '5.00', 'yape', '1617756763'), ('656a4c88-c5cb-4855-8e23-e26c1c2b1d60', '2024-11-10 23:51:19.891695+00', '6.00', 'tarjeta', '8136811664'), ('6cbdebc6-5a70-4954-9ca6-22da1efc31a2', '2024-11-11 00:28:50.381171+00', '12.00', 'yape', '8136811664'), ('714d6a18-97d7-43fa-96a5-1829d9a0a8ea', '2024-11-10 23:49:30.274892+00', '12.00', 'tarjeta', '8136811664'), ('766433e9-33aa-4b93-9ca4-be52157644ba', '2024-11-11 00:16:37.532753+00', '3.00', 'yape', '8136811664'), ('7c86e712-e53e-4766-9b3f-5420034e068b', '2024-12-02 20:04:40.434784+00', '10.00', 'yape', '1617756763'), ('8f5c663b-29b0-4dd8-ba6f-373ceccc492e', '2024-11-11 00:03:48.043773+00', '1.00', 'tarjeta', '8136811664'), ('9032db5a-72f7-4d84-b8fa-aff69d0af15c', '2024-11-11 00:09:00.262161+00', '10.00', 'yape', '8136811664'), ('9230c9ff-7ef5-467e-99b9-4de8af562061', '2024-11-11 00:29:09.454197+00', '50.00', 'yape', '8136811664'), ('a19fd6c9-cfd2-41ec-8655-cd95d50d7bf2', '2024-11-11 00:05:15.256392+00', '2.00', 'yape', '8136811664'), ('a84479ec-21aa-459b-9b18-6558f4125d01', '2024-11-11 00:23:22.539496+00', '25.00', 'yape', '1617756763'), ('ad75d350-57a6-4957-b895-1c0c6891bc0b', '2024-12-02 20:04:08.422834+00', '15.00', 'tarjeta', '1617756763'), ('afd065aa-dcb6-4904-9fb7-b02ed2831399', '2024-11-11 00:28:29.935859+00', '25.00', 'yape', '1617756763'), ('afd6655d-650c-4f53-a6bb-82c7a17e2efd', '2024-11-11 00:29:41.546302+00', '1.00', 'tarjeta', '1617756763'), ('d278cc99-4c46-4922-947d-a07aebd1c449', '2024-11-11 00:27:18.343096+00', '1.00', 'tarjeta', '8136811664'), ('d4bdc5bc-9f8d-4540-9964-7262de36f499', '2024-11-11 00:02:18.163854+00', '2.00', 'yape', '8136811664'), ('d530a1dd-c83d-4da6-82c6-d2ae727af431', '2024-11-11 00:22:21.352949+00', '25.00', 'yape', '1617756763'), ('d9da6bf5-29f1-4fcb-a0b7-290f2f74a86c', '2024-11-11 00:20:34.260501+00', '1.00', 'yape', '8136811664'), ('de94f04a-c462-4a5d-b823-1b9e50473869', '2024-11-11 00:20:46.370056+00', '1.00', 'tarjeta', '8136811664'), ('e5aa9d7c-faa6-4655-90dd-ff4fc3aa2463', '2024-11-10 23:48:07.502039+00', '12.00', 'tarjeta', '8136811664'), ('fa97db4d-135e-4757-a9ac-dd68b13a434b', '2024-11-10 23:53:42.879845+00', '12.00', 'yape', '8136811664'), ('fbade61e-23d9-469d-89c4-efb0c3959017', '2024-11-11 00:24:07.764189+00', '77.00', 'yape', '8136811664');
INSERT INTO viaje ("id", "fecha_hora", "precio_final", "codigo_tarjeta_id", "id_tarifa_id")
VALUES
('00c84c93-fb54-4fcc-a5a9-867de8b3ae7b', '2024-10-31 19:35:00+00', '2.35', '1617756763', '2'),
('0291638e-a040-4dec-9116-f3ee1540b512', '2024-10-31 18:45:00+00', '2.35', '1617756763', '2'),
('02a9ffa8-3ac9-4776-8fee-f4ee49209cd5', '2024-10-31 18:20:00+00', '2.35', '1617756763', '2'),
('1e9939e6-e4b5-41db-9686-f11a0a7730dc', '2024-10-31 19:15:00+00', '2.35', '1617756763', '2'),
('1febae4b-ed42-4612-a962-1eabcabcea77', '2024-10-31 12:40:00+00', '2.35', '1617756763', '2'),
('2844eb53-ad38-4300-a2a1-804414dd44bb', '2024-10-31 19:58:00+00', '2.35', '1617756763', '2'),
('2c6a2bdb-5b18-4928-98a3-24b1f9bf8e52', '2024-10-31 12:05:00+00', '2.35', '1617756763', '2'),
('306f75ca-046f-43e8-a135-22e43fb85bd7', '2024-10-31 09:05:00+00', '2.35', '1617756763', '2'),
('3864e1e0-68e2-46ae-adae-25ad9e21ef99', '2024-10-31 18:01:00+00', '2.35', '1617756763', '2'),
('4304f8b9-b974-4dac-b65c-ca968602e2df', '2024-10-31 13:10:05.387542+00', '2.35', '1617756763', '2'),
('4cf36e3e-4b4d-4ed8-9cd0-d5d79de2c99d', '2024-10-07 01:01:54+00', '2.35', '1617756763', '1'),
('5573e1ee-7d60-4a57-9215-d5f0e1376b66', '2024-10-31 19:10:00+00', '2.35', '1617756763', '2'),
('5599a3c6-b48b-4437-ab06-d52582b9180a', '2024-10-07 02:43:48+00', '1', '1617756763', '1'),
('57c3112b-15a1-4f13-a40e-2cf12837a1ca', '2024-10-31 18:59:00+00', '2.35', '1617756763', '2'),
('5feb61b1-083e-4ff1-8fd3-ee4a415cbfaa', '2024-10-31 09:58:00+00', '2.35', '1617756763', '2'),
('66f92295-26c9-4225-850b-8b6e85513834', '2024-10-31 18:30:00+00', '2.35', '1617756763', '2'),
('6c9b8c64-b410-4588-ad1b-567f66e53f3b', '2024-10-31 19:02:00+00', '2.35', '1617756763', '2'),
('6cf916c1-ad46-447d-a1e7-34bcf35613c4', '2024-10-31 19:40:00+00', '2.35', '1617756763', '2'),
('6f9111c4-22f9-4a41-b4b9-8aba964d0d58', '2024-10-31 09:45:00+00', '2.35', '1617756763', '2'),
('715f924a-678a-4d0e-997b-f01d9cd465e6', '2024-10-31 19:30:00+00', '2.35', '1617756763', '2'),
('7360f88e-e20e-4bfd-95a3-efca2f081450', '2024-10-31 13:25:01.354104+00', '2.35', '1617756763', '2'),
('7b1d5fa6-4814-4ae2-95c1-13126795e2f8', '2024-10-31 13:07:59.125641+00', '3.2', '1617756763', '3'),
('8c5a2b2f-7e1b-4958-9a24-7fa594e2f7d6', '2024-10-31 09:12:00+00', '2.35', '1617756763', '2'),
('9076e4d9-c31e-4972-8c86-f384a84bb4d7', '2024-10-31 12:55:00+00', '2.35', '1617756763', '2'),
('97c9b40a-49c8-4b9e-a417-44027559e94a', '2024-11-10 19:43:35.008295+00', '3.2', '1617756763', '3'),
('97f37c64-e514-4264-94fd-16a5fc4552b3', '2024-10-31 12:25:00+00', '2.35', '1617756763', '2'),
('a1b7aab2-331b-4000-9bd2-71416df9d6a3', '2024-10-08 20:24:11+00', '2', '8136811664', '1'),
('a923beca-facd-4a33-b33f-151b60277194', '2024-10-31 18:08:00+00', '2.35', '1617756763', '2'),
('b99d9747-7445-4363-b621-d06bdda7d0b3', '2024-10-31 18:12:00+00', '2.35', '1617756763', '2'),
('c7069b98-0c17-4d90-bb2d-276e8dab2066', '2024-11-23 14:49:43.299371+00', '2.35', '1617756763', '2'),
('d21471c6-b670-42dd-a9ce-5914661b0af9', '2024-10-31 09:25:00+00', '2.35', '1617756763', '2'),
('d5037b4a-11bc-4406-94ce-f05f00ed1b84', '2024-10-31 12:15:00+00', '2.35', '1617756763', '2'),
('d7739101-3f90-49ca-b04e-3da3135b785b', '2024-10-31 19:22:00+00', '2.35', '1617756763', '2'),
('e1c72a10-3c0e-4111-be34-07cf6f0aae84', '2024-10-31 18:50:00+00', '2.35', '1617756763', '2'),
('e73a885c-bdb0-443d-982e-ee35d85eccb1', '2024-10-31 18:55:00+00', '2.35', '1617756763', '2'),
('f560f38a-e5cf-4154-8f53-bed3bedcb506', '2024-10-31 19:50:00+00', '2.35', '1617756763', '2'),
('f5a2a284-52b2-41ed-964b-377230e49e64', '2024-10-31 18:35:00+00', '2.35', '1617756763', '2'),
('f731c4b9-d9fa-4bd7-a40a-4cf312340862', '2024-10-31 19:45:00+00', '2.35', '1617756763', '2'),
('f9a6d2fc-2d43-402b-a9b2-1cea090b0fd3', '2024-11-10 19:31:26.579073+00', '3.2', '1617756763', '3');

